Consumer, NA
Enterprise (End User), VP New Product Development & Postal Affairs
Enterprise (End User), Principal
Enterprise (End User), Partner
Enterprise (End User), President at Cobalt Capital Inc
Enterprise (End User), Director Wealth Mgmt Sales
Enterprise (End User), Assistant Section manager
Enterprise (End User), Vice President
Enterprise (End User), service center manager
Enterprise (End User), Director, Information Technology Security and Strategy
Enterprise (End User), Senior Principal Engineer Information and Support Service Research and Technology
Enterprise (End User), Executive Vice President, Research and Development
Enterprise (End User), Vice President of Application Development
Enterprise (End User), Bu Cis Operations Director, Steel
Enterprise (End User), Director of Event Planning/Operations
Enterprise (End User), Contractor and Senior C Developer
Enterprise (End User), Information Technology Plm Project Manager
Enterprise (End User), Manager Information Technology Testing
Enterprise (End User), Business Development Manager, Vice President
Enterprise (End User), Industrial Account Developer
Enterprise (End User), Director, Hotel Operations
Enterprise (End User), Manager Network Engineering Hicap Provisioning
Enterprise (End User), Organizational Developer
Enterprise (End User), Managing Partner Washington D C
Enterprise (End User), Information Technology Security and Compliance Manager
Enterprise (End User), Vice President Sales and Business Development
Enterprise (End User), Director of Region Operations
Enterprise (End User), Principal Scientist, Process and Product Development
Enterprise (End User), Director of Legal Operations and Finance
Enterprise (End User), Vice President Hotel Development
Enterprise (End User), Director Legal Operations, Finance and Administration
Enterprise (End User), Information Technology Security Compliance and Governance Manager
Enterprise (End User), Vice President of Finance and Operations
Enterprise (End User), Application Developer, Senior
Enterprise (End User), Director of Room Operations, Santa Clara Marriott
Enterprise (End User), Business Development - Technical Director
Enterprise (End User), Research and Development Senior Principal Engineer
Enterprise (End User), Software Developer 2
Enterprise (End User), Principal Solutions Architect - Otm
Enterprise (End User), General Manager, Western Australian Operations
Enterprise (End User), Vice President Supply Chain Operations - Ireland
Enterprise (End User), Vice President, Market Officer - Boston Operations
Enterprise (End User), Vice President, Operations Cyber Division
Enterprise (End User), Registered Principal, Director, Enterprise Compliance
Enterprise (End User), Senior Web Developer Ii/Manager
Enterprise (End User), Chief Executive Officer Blinkx
Enterprise (End User), Senior, Application Developer
Enterprise (End User), Managing Director/Partner
Enterprise (End User), Manager Software Developer
Enterprise (End User), Community Development Banking, Senior Vice President
Enterprise (End User), Director, State Operations
Enterprise (End User), Vice President - Listed Derivatives Operations
Enterprise (End User), Senior Director - Information Technology Infrastructure and Operations
Enterprise (End User), Director of Information Technology Contracts and Sourcing
Enterprise (End User), Director Operations and Planning-Europe and Asia
Enterprise (End User), Director of Slot Operations
Enterprise (End User), Director of Golf Operations
Enterprise (End User), Executive Vice President, Chief Technology Officer-product Technology
Enterprise (End User), Lead Developer/Analyst
Enterprise (End User), Director Information Technology Global Services
Enterprise (End User), Senior Vice President Foodservice Operations Sou
Enterprise (End User), Principal Technical Support Engineer
Enterprise (End User), Manager Open Systems Storage
Enterprise (End User), Vice President, Windows Operations Team Lead Developer
Enterprise (End User), Senior Information Technology Business Analyst/Developer
Enterprise (End User), Principal Scientist - Regulatory Affairs
Enterprise (End User), Senior Director Network Operations Control-bridge Operations
Enterprise (End User), Principal Systems Support Engineer
Enterprise (End User), Senior Vice President, Head of Operations, Northwest Region
Enterprise (End User), Senior Manager/Information Technology Purchasing-Supplier Technical As
Enterprise (End User), Manager Gas Storage
Enterprise (End User), Principal Information Technology Analyst
Enterprise (End User), Director - Global Marketing, Sales and Service Information Technology
Enterprise (End User), Senior Vice President, Director of Customer Development
Enterprise (End User), Director - Field Operations
Enterprise (End User), Senior Principal Engineer, Engineering
Enterprise (End User), Director, Information Technology Operations, Governance and Supplier Relationship Management
Enterprise (End User), Principal Industrial Designer
Enterprise (End User), Senior Director of Business Development - Media and Technology Services
Enterprise (End User), Director Benefits Information Technology
Enterprise (End User), Global Information Technology Manager, Advance Planning and Supply Chain
Enterprise (End User), Principal Environmental Engineer in The Environmental Quality Office
Enterprise (End User), Assistant Vice President Nursing Operations
Enterprise (End User), Chief Financial Officer, Treasurer, and Principal Accounting Officer
Enterprise (End User), Vice President Financial Operations and Compliance
Enterprise (End User), Creative Flavorist/Associate Principal Scientist
Enterprise (End User), Res Principal Res
Enterprise (End User), Director Medicare Enrollment Manager Medicare Enrollment Operations
Enterprise (End User), Corporate Director - Spa Operations - The Americas
Enterprise (End User), System Software Engineer in Developer Tools Team
Enterprise (End User), Chief of Operating Officer
Enterprise (End User), Human Capital Acquisition Manager, Corporate Information Technology
Enterprise (End User), Operations Director, Guaranteed Cost Operations - Middle Market
Enterprise (End User), Assistant Director Plant Operations
Enterprise (End User), Director of Catering Operations
Enterprise (End User), Project Director, Information Technology Pmo Planning and Execution
Enterprise (End User), Java/Unix/C Senior Developer
Enterprise (End User), Senior Software Developer, Apple Software Processes and Tools
Enterprise (End User), Principal Facilities Engineer-interior Design
Enterprise (End User), Director, Network Traffic Operations
Enterprise (End User), General Manager Worldwide Business Development
Enterprise (End User), Project Manager Information Technology Resources
Enterprise (End User), President and Research and Development Engineer
Enterprise (End User), Director Flight Operations
Enterprise (End User), Vice President Hhp Engine Remanufacturing Operations
Enterprise (End User), Director Operations Knowledge Management
Enterprise (End User), Director of Business Operations, North America
Enterprise (End User), Greece Cyprus Information Technology Manager
Enterprise (End User), Research and Development Analytical Technician
Enterprise (End User), Manager of Developer Technology for Compute, Emeai
Enterprise (End User), Managing Partner-Eastern Poland
Enterprise (End User), Executive Vice President, Field Operations
Enterprise (End User), Vice President, Western Operations
Enterprise (End User), Coordinator, Information Technology Operations
Enterprise (End User), Director - Global Marketing Operations
Enterprise (End User), Security Services/Access Control Management Specialist
Enterprise (End User), Senior Director, Operations Analysis - Digital Operations
Enterprise (End User), Contact President
Enterprise (End User), Lead Design Developer
Enterprise (End User), Director of Distribution Operations Field Projects
Enterprise (End User), Principal Security Risk Consultant
Enterprise (End User), Staffassociate/Analyst Information Technology - Developer
Enterprise (End User), Operations Service Manager
Enterprise (End User), Director of Open System Database Operations
Enterprise (End User), Director - Head of Sma Operations
Enterprise (End User), Digital Librarian and Founder
Enterprise (End User), North America Dealer Operations Support Analyst
Enterprise (End User), Director, Pharmacy Operations
Enterprise (End User), Principal Lab Analyst
Enterprise (End User), Director Provider Network Operations
Enterprise (End User), Information Technology Director Process Improvement
Enterprise (End User), Software Engineer Software Design and Development
Enterprise (End User), Executive Vice President Finance and Chief Financial Officer
Enterprise (End User), Experienced Finance Manager Data Engineer Analytics Manager Process Automation Expert Vba Developer
Enterprise (End User), Vice President Treasury and Operations Finance
Enterprise (End User), Director Operations Aramark Servicess
Enterprise (End User), Vice President, Pricing and Product Development
Enterprise (End User), Senior Director M and W Operations - West Region
Enterprise (End User), Packaging Brand Stewardship Manager - Principal Engineer
Enterprise (End User), Media Operations Director
Enterprise (End User), Senior Models Developer
Enterprise (End User), Division Chief Technology Officer
Enterprise (End User), Director Enterprise Information Technology Development
Enterprise (End User), Network General Manager
Enterprise (End User), Regional Vice President, Pharmacy Operations
Enterprise (End User), Executive Director, Dfs/Im/Retail Controller Information Technology
Enterprise (End User), Managing Director, Head of Investor Relations and Corporate Development
Enterprise (End User), Information Technology Manager - Database Administration
Enterprise (End User), Principal System Administrator
Enterprise (End User), Randd Associate Principal Engineer
Enterprise (End User), Managing Principal Pacific Northwest
Enterprise (End User), Head of Americas Commodities Operations, Executive Director, Morgan Stanley
Enterprise (End User), Senior Manager - Storage and Data Center
Enterprise (End User), Executive Assistant To The Senior Vice President and Chief Development Officer
Enterprise (End User), Vice President Hospitality Operations
Enterprise (End User), Business Systems Analyst Law Operations
Enterprise (End User), Executive To Chief Executive Officer
Enterprise (End User), Senior Manager, Mechanical Engineering Development
Enterprise (End User), Vice President North America Senior Information Technology Service Delivery Manager
Enterprise (End User), Senior Principal Marketing Analyst/Imt Database Manager
Enterprise (End User), Vice President Operations - Wal-mart Team
Enterprise (End User), Information Technology Project Manager Rz
Enterprise (End User), Owner at Vf Corporation
Enterprise (End User), Regional Director - Sales Operations and Support Commercial Airplanes
Enterprise (End User), Senior Training Developer
Enterprise (End User), Senior Vice President Strategy and Business Development
Enterprise (End User), Chief Operating Officer, Healthcare, Education and Facilities
Enterprise (End User), Staff Vice President Logistics - International Operations
Enterprise (End User), Omnis Product Manager and General Manager
Enterprise (End User), Principal Marketing Associate
Enterprise (End User), Executive In Charge of Production and Chief Business Development Officer
Enterprise (End User), Founder, Owner
Enterprise (End User), Chief Technology Officer and Senior Vice President Engineering
Enterprise (End User), Co-Chairman and Chief Executive Officer
Enterprise (End User), Co-founder and President
Enterprise (End User), Editor in Chief and President
Enterprise (End User), Chief Executive Officer, Co-chief Executive Officer, Founder, Member, Partner
Enterprise (End User), Owner Sales Executive
Enterprise (End User), General Manager, Greater China
Enterprise (End User), Managing Principal-san Francisco
Enterprise (End User), Co-Founder/Chief Executive Officer
Enterprise (End User), Executive Assistant/President
Enterprise (End User), Board of Directors, Director, Managing Partner and Director
Enterprise (End User), Senior Vice President/Chief Financial Officer
Enterprise (End User), Department Chairman
Enterprise (End User), Chief Executive Officer, Executive Director
Enterprise (End User), General Manager, The Ritz-carlton, Laguna Niguel
Enterprise (End User), Chief Executive Officer-SCAQMD
Enterprise (End User), Executive Vice President and Chief Risk Officer
Enterprise (End User), Chief Information Officer Chief Information Officer
Enterprise (End User), Executive Director/Chief Financial Officer
Enterprise (End User), Deputy Chief Executive Officer
Enterprise (End User), Owner, Tech Support
Enterprise (End User), Distributor Owner
Enterprise (End User), Co-founder and Executive Vice President
Enterprise (End User), Co-founder and Vice President of Product Development
Enterprise (End User), Medical Chief of Staff and Director of Student Health Center
Enterprise (End User), Managing Director, Government and Military Programs
Enterprise (End User), Founder -president
Enterprise (End User), Executive Vice President and Chief Financial Officer, Community West Bancshares and Community West Bank
Enterprise (End User), General Manager Warehouse
Enterprise (End User), Managing Director, of Asia Region
Enterprise (End User), Owner/Estimator
Enterprise (End User), General Manager Sales-Sheet Products
Enterprise (End User), Vice President and Managing Director Asia Pacific and Middle East
Enterprise (End User), General Counsel, Chief Privacy Officer
Enterprise (End User), Managing Director Europe Middle East and Africa
Enterprise (End User), Chairman, Chairman of the Board
Enterprise (End User), Operations Manager and Co-owner
Enterprise (End User), Chief Marketing Officer1
Enterprise (End User), Managing Director, Houlihan Lokey Howard & Zukin
Enterprise (End User), District Board President
Enterprise (End User), Founder and Chief Technology Officera
Enterprise (End User), General Manager for Atlanta Region
Enterprise (End User), Founder and Executive Chairman
Enterprise (End User), Campus President
Enterprise (End User), Chief Executive Officer, Chairman, Owner, President
Enterprise (End User), Chief Client Officer
Enterprise (End User), General Manager, China
Enterprise (End User), Senior Vice President/Chief of Financial Officer
Enterprise (End User), Chief Executive Officer of Partner
Enterprise (End User), Chief Financial Officer/Vice President Corporate Office
Enterprise (End User), Beta 207 E
Enterprise (End User), Vice President and Chief Executive Officer
Enterprise (End User), Chair, Chairman
Enterprise (End User), General Manager-life Sciences Division
Enterprise (End User), Non Executive Founder
Enterprise (End User), General Manager-wo Media Sales
Enterprise (End User), Executive Vice President, Chief Administrative Officer
Enterprise (End User), Executive Assistant To The Office of Chief Executive Officer and President
Enterprise (End User), Executive Vice President Chief Credit Officer
Enterprise (End User), Chairman Department of Mathematics
Enterprise (End User), Deputy Chief Executive Officer and Executive Vice President
Enterprise (End User), Owner and Secretary
Enterprise (End User), Chief Operating Officer and Administra
Enterprise (End User), Full Partner
Enterprise (End User), General Manager of The Europe, Middle East and Africa Regions
Enterprise (End User), Finance Reporting/Tax for Chief Financial Officer
Enterprise (End User), Chief Executive Officer Chief Executive Officer
Enterprise (End User), Co-Founder, Executive Creative Director, Chief Experience Officer
Enterprise (End User), Senior Managing Director and Co-Founder
Enterprise (End User), Executive Officer, President and Chief Executive Officer Willdan Engineering
Enterprise (End User), General Manager China
Enterprise (End User), Chief Financial Officer and Vice President
Enterprise (End User), Chief Marketing Officer of Health Access Solutions
Enterprise (End User), General Manager Payments and Pets
Enterprise (End User), Owner/Government Sales
Enterprise (End User), Managing Member and Chief Financial Officer
Enterprise (End User), Executive Assistant to the President and Chief Executive Officer
Enterprise (End User), Chief Operating Officer Finance Executive
Enterprise (End User), Chief Financial Officer and Vice President of Finance
Enterprise (End User), Owner Marketing Executive
Enterprise (End User), Owner, Human Resources Executives
Enterprise (End User), Next President
Enterprise (End User), Chief Executive Officers
Enterprise (End User), Executive Sec President
Enterprise (End User), Chief Systems Architect and Co-founder
Enterprise (End User), Controller Chief Financial Officer
Enterprise (End User), Chairman/President/Chief Executive Officer
Enterprise (End User), Chief Executive Officer1
Enterprise (End User), Owner, Purchasing Agent, Risk Manager Safety Director
Enterprise (End User), Bay Area President
Enterprise (End User), Member, Member Board of Directors
Enterprise (End User), Director Midwest Operations, Chief Technology Officer
Enterprise (End User), Executive Vice President President of Discovery and Research Director
Enterprise (End User), Films Director and President
Enterprise (End User), Member/Attorney, Managing Partner
Enterprise (End User), Chief Technology Officer/Co-Founder
Enterprise (End User), General Manager Architectural Department
Enterprise (End User), Vice President, Chief Executive Officer
Enterprise (End User), General Manager Asparagus
Enterprise (End User), Owner Finance Executive Sales Executive
Enterprise (End User), Co-President, Auto Finance
Enterprise (End User), Owner, Founder
Enterprise (End User), Founder Theater Department
Enterprise (End User), Managing Director, Sales
Enterprise (End User), Executive General Manager
Enterprise (End User), Manager and Chief Financial Officer
Enterprise (End User), General Manager and Chief Operating Officer
Enterprise (End User), General Manager Commercial Vehicle Products Division
Enterprise (End User), Chief Revenue Officer-Green Dot Bank
Enterprise (End User), Chief Finanical Officer
Enterprise (End User), Vice-Chairman
Enterprise (End User), Co-Chief Executive Officer
Enterprise (End User), Vice President and Chief Compliance Officer
Enterprise (End User), Managing Principal and Chief Legal Counsel
Enterprise (End User), Chief Intellectual Property Officer
Enterprise (End User), Chief Operating Officer of Partner
Enterprise (End User), Owner, Manager
Enterprise (End User), Owner, President, Vice President Operations
Enterprise (End User), Chief Executive Officer/Owner
Enterprise (End User), Executive Administrative Assistant To Chief Executive Officer and Clinical
Enterprise (End User), General Manager-westfield Concession Management Llc
Enterprise (End User), Chairman, Literacy Studies and Elementary Education
Enterprise (End User), General Manager, Carperks
Enterprise (End User), Managing Director and President
Enterprise (End User), Vice President and Chief Operating Officer - Kubota Credit Corporate
Enterprise (End User), Officer and Owner
Enterprise (End User), Director, Chairman of the Audit Committee
Enterprise (End User), O-chief Financial Officer
Enterprise (End User), Engineering Design, President
Enterprise (End User), Modern Language Department Chairman
Enterprise (End User), Chief Business Officer
Enterprise (End User), General Manager, Guest Experience
Enterprise (End User), Branch Managing Partner Dre 1125960 Nmls 237278
Enterprise (End User), Companys Owner
Enterprise (End User), Chief Marketing Officer, Executive Director
Enterprise (End User), General Manager-molding Compounds
Enterprise (End User), Office Managing Partner, Information Technolog
Enterprise (End User), Interim Managing Director
Enterprise (End User), Chief Strategic Officer/Member of The Board/President
Enterprise (End User), Chief Information Officer Americas
Enterprise (End User), Chief Financial Officer Chief Operating Officer
Enterprise (End User), Managing Director Recapitalization
Enterprise (End User), General Manager, Houston Palm
Enterprise (End User), Managing Director, Codes and Standards
Enterprise (End User), Chief Operating Officer, Principal
Enterprise (End User), Owner and Operator
Enterprise (End User), Chief Administrative Officer and Director of Human Resources
Enterprise (End User), Interim Chairman
Enterprise (End User), Chief Administrative Officer - Public Sector
Enterprise (End User), Director of Finance and Chief Financial Officer
Enterprise (End User), Managing Director Compliance
Enterprise (End User), General Manager and Financial Counselor-greenpath Debt Solutions
Enterprise (End User), General Manager Pcubed Australia
Enterprise (End User), Chairman and PEO
Enterprise (End User), Managing Director, Global Partnerships
Enterprise (End User), Chief Operating Officer, National Journal
Enterprise (End User), Chief of Staff and Chief Development and Communications Officer
Enterprise (End User), Executive Producer/Senior Director of Production
Enterprise (End User), Managing Director, Artistic Director 2ndstage
Enterprise (End User), Chief Programming Officer
Enterprise (End User), Chief Management Officer Pension Benefit Guaranty Corporation
Enterprise (End User), Managing Director, Institutional Retirement Health Savings
Enterprise (End User), General Manager, Las Vegas Palm
Enterprise (End User), Chief Operating Officer of Chairman
Enterprise (End User), Founder/Chairman/Chief Executive Officer/President
Enterprise (End User), Chief Retention Officer
Enterprise (End User), Managing Director/Attorney-regulatory and Industry Affairs Department
Enterprise (End User), Chief Operations Officer/Chief Information Officer
Enterprise (End User), Managing Director South Africa
Enterprise (End User), Managing Director, Special Olympics Europe and Eurasia
Enterprise (End User), Chief Informaiton Officer
Enterprise (End User), Chairman, Business and Tax Department
Enterprise (End User), Interim President Executive Vice President and Managing Director
Enterprise (End User), Chief Operating Officer Washington Dc
Enterprise (End User), Chief Revenue Officer Eprize
Enterprise (End User), Deputy Managing Director Director of Operations for Anca Eaas and Asie Regions
Enterprise (End User), Founder and Medical Doctor
Enterprise (End User), Chief Executive Officer/Chairman
Enterprise (End User), Chief Executive Officer of the Unity Health Care Foundation
Enterprise (End User), Museum Director, President and Chief Executive Officer
Enterprise (End User), Owner Chief Executive Officer
Enterprise (End User), Founder and Managing Partner
Enterprise (End User), Chief Digital Media Officer
Enterprise (End User), Vice Chairman Chief Financial Officer/Chief Operating Officer
Enterprise (End User), General Manager of The European Business Unit
Enterprise (End User), Company Chief Financial Officer
Enterprise (End User), Chief Legal Officer, Vice President, General Counsel, Assistant Secretary
Enterprise (End User), General Manager On-line
Enterprise (End User), Chief Operating Officer, Senior Advisor
Enterprise (End User), Chairman Product Liability and Insurance Practice Group
Enterprise (End User), Managing Director, Information
Enterprise (End User), Managing Director Global Business Development
Enterprise (End User), North American Chief Financial Officer
Enterprise (End User), Chief Financial Officer, Executive
Enterprise (End User), Managing Director Avl- China
Enterprise (End User), Medical Director/Chief of Staff/Chief Marketing Officer
Enterprise (End User), Chairman/Commissioner
Enterprise (End User), Owner/Partner Principal
Enterprise (End User), Managing Director, Infrastructure
Enterprise (End User), Managing Director Innovative Community Lending
Enterprise (End User), Senior Vice President, Chief Legal Officer
Enterprise (End User), Club President
Enterprise (End User), Chairman and Managing Partner
Enterprise (End User), Attorney and Partner
Enterprise (End User), Chief Executive Officer, Comp, Director, Treas
Partner, Owner
Partner, Managing Partner
Partner, President
Partner, Senior Partner
Partner, IT Consultant
Partner, Managing Director
Partner, President & Principal Consultant
Partner, Co-Founder & CEO
Partner, Co-Founder
Partner, COO
Partner, CEO
Partner, Chairman
Partner, Director
Partner, SEO Consultant
Partner, Proprietor
Partner, SEO Specialist
Partner, Technical Director
Partner, Online Multichannel Consultant
Partner, Web SEO
Partner, Manager
Partner, Distributeur
Partner, Director / Owner
Partner, Vice President
Partner, MD
Partner, General Manager
Partner, Member of the Management Board
Partner, Senior Project Manager
Partner, Founder
Partner, Security Architect
Partner, Principal Consultant
Partner, VP
Partner, BDM
Partner, Sales and Business Development
Partner, Executive Consultant at ARC IT Recruitment
Partner, Strategic Marketing Leader
Partner, Founder and Director
Partner, Developer
Partner, CEO & Founder
Partner, Director - Creative Consulting
Partner, Chief Technology Officer
Partner, R&D software engineering
Partner, Director - IT Consulting Services
Partner, Sr. Sales Executive/Entrepreneur
Partner, Sales Manager
Partner, Vendor Relationship Manager
Partner, National Channel Manager
Partner, business channel manager
Partner, Founding Partner
Partner, EMEA Sales Manager
Partner, Director Strategy and Planning /Deputy CEO
Partner, Director of Sales
Partner, Chief Executive Officer
Partner, Digital Events Sales Manager
Partner, President/COO
Partner, Senior Information Security Engineer
Partner, Owner and Principal Consultant
Partner, Director and Owner
Partner, Operations Manager
Partner, Senior Director
Partner, Partner & CEO
Partner, CEO and Co-founder
Partner, VP Information Technology at Avatar International Inc.
Partner, Vice President Executive
Partner, Vice President Technology
Partner, Business Owner
Partner, Consultant
Partner, Founder and CEO
Partner, Partner
Partner, Founder and director
Partner, Founder & CEO
Partner, Business Partner
Partner, Business Development Executive
Partner, Chief Technical Officer
Partner, Director of Operations
Partner, Sales Director
Partner, Senior Sales Executive
Partner, Business Development Director
Partner, Technical Operations
Partner, CTO
Partner, BDE
Partner, Group CTO / Director
Partner, Regional Sales Manager
Partner, Co-Founder, Vice-President Product Development
Partner, Manager Sales Engineering
Partner, Executive Vice President Sales and Marketing
Partner, Principal Architect
Partner, Vice President, Operations
Partner, Owner/Operator
Partner, Senior Partner | Senior Consultant and Strategist
Partner, IT Manager
Partner, IT Operations Team Lead
Partner, IT Network Architect
Partner, IT Administrator
Partner, Principal
Partner, CFO
Partner, CIO
Partner, Principal Engineer
Partner, Group Hosted Network Manager
Partner, Business Development Manager
Partner, Technical Lead
Partner, Business Development Project Manager
Partner, Co-Founder & Head of Tech
Partner, Director of Business Development AssetWise
Partner, Business Relationship Manager
Partner, Founder & MD
Partner, System Administrator
Partner, Backup administrator
Partner, Director & Technical Consultant
Partner, AVP - Business Continuity
Partner, Systems Administrator
Partner, Director & Business Coordinator
Partner, Systems Engineer
Partner, Vice President Information Technology
Partner, Owner and CEO
Partner, President & IT Director
Partner, Chairman and CEO
Partner, Co-founder and Managing Partner
Partner, CEO and Founder
Partner, Founder and President
Partner, Business Development manager
Partner, CEO and Managing Director
Partner, Technical Manager
Partner, NA
Partner, VP of Business Development
Partner, Co Founder
Partner, Founder & Director
Partner, President and Managing Partner
Partner, Co-Founder & CTO
Partner, Co-founder & CEO
Partner, President & CEO
Partner, Vice President, Business Development
Partner, Client Executive
Partner, Marketing Manager
Partner, Owner & Managing Director
Partner, Business Development Consultant
Partner, Sales Executive
Partner, Sales Consultant
Partner, Public Sector Business Manager
Partner, CTO & Co-Founder
Partner, CEO and Co Founder
Partner, Company Director
Partner, Purchasing Manager
Partner, owner
Partner, Co Founder and Director
Partner, Vice President & Creative Director
Partner, Company Owner
Partner, sales support manager
Partner, Chief Information Security Officer
Partner, Business Development and Security Sales Manager
Partner, Owner 99 Solutions
Partner, Sales Support Manager
Partner, Sales and Marketing Manager
Partner, Technology Director
Partner, Chief Financial Officer
Partner, Associates
Partner, Voice Technology Consultant
Partner, Vice President of Marketing
Partner, Owner/CEO
Partner, Chief Operating Officer
Partner, ?Senior IT Manager
Partner, Network Engineer
Partner, CEO/President
Partner, Tech Engineer
Partner, Director Business Development
Partner, Technology Strategist
Partner, CTO Director
Partner, Founder and CTO
Partner, Founder Director
Partner, Creative Director
Partner, CDO
Partner, Founder and Managing Director
Partner, Founder & Managing Director
Partner, Senior Resource Manager
Partner, IT Project Manager
Partner, Resource Manager
Partner, Account Manager
Partner, Customer Experience Account Manager
Partner, Training and Development
Partner, Technology Consultant
Partner, Manager a.i. NewCold
Partner, Business Sales Executive
Partner, CRO
Partner, Sales Support Assistant
Partner, Senior Account Manager
Partner, National Director Sales
Partner, Sales Training Manager
Partner, Senior Network Consultant
Partner, Senior Security Consultant
Partner, Training Consultant
Partner, Project Manager
Partner, Training Manager
Partner, Head of Sales
Partner, Head of Defence Business
Partner, Sales and Marketing Executive
Partner, Senior Director of Product & Interim CTO
Partner, Managing director
Partner, Software Developmentengineer, Principal
Partner, Chairman & CEO
Partner, SMALL BUSINESS OWNER
Partner, Senior Sales Director & Consultant
Partner, Sales Engineer
Partner, VP Engineering & CSO
Partner, Sales Development Manager
Partner, Partner & Project Manager
Partner, Senior Vice President Operations
Partner, Vice President Customer Services
Partner, Vice President Infrastructure
Partner, President/CEO
Partner, Director of Marketing and Sales
Partner, Vice President of Business Development
Partner, VP/GM - Engineering & Operations
Partner, VP, Systems and Software Engineering
Partner, CEO / CTO
Partner, Sales Administrator/Project Manager
Partner, Vice President, West Coast Operations
Partner, Director of Marketing & Sales
Partner, IT Consultant/Cloud Technology Specialist
Partner, Technology director
Partner, Support Engineer
Partner, Software Developer
Partner, Senior IT Engineer
Partner, VP & Co-founder
Partner, VP Operations
Partner, CEO/Founder
Partner, Founder & Chief Solutions Architect
Partner, Director and General Manager
Partner, Business Developer
Partner, Operations Director
Partner, Junior Web Developer
Partner, Senior Manager
Partner, Founder and owner/director
Partner, Cofounder/President
Partner, Director and Founder
Partner, Principal Solutions Consultant
Partner, CEO & Cofounder
Partner, VP IT Operations
Partner, Senior Developer
Partner, CoFounder & Managing Partner
Partner, President CEO
Partner, CoFounder Managing Partner
Partner, I.T Support Engineer
Partner, Manager - Operations and Support
Partner, Partner and Consultant
Partner, President and CEO
Partner, VP of Sales
Partner, Global Partner Program Coordinator
Partner, International Sales Specialist
Partner, VP Solutions Engineering
Partner, Sales/Purchase Executive
Partner, Channel and Operations Director
Partner, Technical Support Team Lead
Partner, Senior Vice President, Product Management
Partner, CEO & President
Partner, Vice President Business Development
Partner, Manager of IT and System Engineering
Partner, Marketing and Sales Manager
Partner, Director of Community Relations
Partner, Channel Account Manager
Partner, Founder & Chief Data & Analytics Officer
Partner, Director of Application Managed Services
Partner, Information Technology Consultant
Partner, GM
Partner, Software development
Partner, Senior Business Consultant / CEO
Partner, Digital Marketing Consultant
Partner, Head of Digital
Partner, CFO, Owner
Partner, Vice President of North American Operations
Partner, Vice President- Direct Sales
Partner, Co-Founder and CEO
Partner, Administrative Director
Partner, Technical Analyst / Team Lead
Partner, Principal Software Engineer
Partner, Business Development Manager Channel Sales
Partner, Principal Research Engineer
Partner, Director/Strategist
Partner, Directeur Principal / Senior Manager
Partner, President & C.E.O
Partner, Co-Founder & Director
Partner, Sales Operations Director
Partner, Channel Sales Manager
Partner, Director/Owner
Partner, Senior Technology Consultant, Business Analyst
Partner, Business Development & Sales Executive
Partner, Owner and IT Consultant
Partner, CTO/CEO
Partner, Product Owner
Partner, Founding Director and Owner
Partner, Finance director
Partner, Co-founder
Partner, Director & Developer
Partner, Chief Executive
Partner, Chief Software Architect
Partner, TL
Partner, Company Consultant
Partner, Sales & Business Development Director
Partner, Sales Team Leader
Partner, Administration Manager & Sales
Partner, Senior Applications Analyst
Partner, Head of Marketing
Partner, Development Manager
Partner, Head of Marketing & Business Development
Partner, Customer Liaison Director
Partner, Client Account Manager
Partner, IT consultant
Partner, Sales Administrator
Partner, Director, Operations
Partner, Chief Product Officer
Partner, President and Founder
Partner, CAO
Partner, Owner & Technology Advisor
Partner, Senior Business Developer
Partner, Executive Director
Partner, Group Managed Services Director
Partner, Head of Operations
Partner, Founding President
Partner, Director and Engineer
Partner, Director of Sales and Marketing
Partner, Regional Manager
Partner, MD and Founder
Partner, CEO and Chief Geek
Partner, Director and Company Secretary
Partner, Web Developer
Partner, WEB DESIGNER
Partner, T Solutions Consultant
Partner, Business Technology Executive
Partner, CEO and Co-Founder
Partner, Cofounder Business Development
Partner, Head Of Business Development
Partner, Principal Integrations
Partner, Vice President of Sales
Partner, Chief Revenue Officer
Partner, Vice President of Information Systems
Partner, Business Development Director and Channel Partner Director
Partner, VP Corporate Operation
Partner, Director of Technology Solutions
Partner, Director of Business Development
Partner, V.P. - Operations
Partner, IS Application Specialist
Partner, IT
Partner, Lead
Partner, Production Devops/ITops Manager
Partner, Director of Software Engineering
Partner, IT Risk Manager
Partner, Manager, Network Engineering
Partner, Sr. Manager, embedded software
Partner, Software Development Team Lead
Partner, Software Engineering Manager, Web Services
Partner, IT Team Lead
Partner, Information Assurance Program Manager
Partner, Director of Enterprise Architecture
Partner, Director-Software-Development
Partner, IT Director
Partner, Software manager
Partner, Software Engineering Manager
Partner, Application Development Manager
Partner, Sr. Director, IT Architecture
Partner, Director, Systems Engineering
Partner, Software Engineer Manager
Partner, Sr. Director of Information Technology
Partner, Senior Director, Software Engineering
Partner, Director of Database Operations
Partner, Director - Product Delivery, Data, and Application Support
Partner, Director of Software Development
Partner, Director of Technical Support & Remote DBA Services
Partner, Manager of Internal Software Development
Partner, Senior Software Engineering Manager
Partner, Sr. Director, Cloud Architecture
Partner, IT Logistics Manager
Partner, Director, Software Development
Partner, Solutions Engineering Manager
Partner, Senior Director of Software Development
Partner, Senior Software Development Manager and Architect
Partner, Data Center Manager
Partner, Director of Global Service Desk & Automation
Partner, Director of Software Development, Expert Services
Partner, Director, IT Operations
Partner, Corporate IT Manager
Partner, Senior Director, Software Development
Partner, Sr Software Development Manager, Change Agent, Agile/SCRUM Leader
Partner, Manager, Software Development
Partner, Director of IT
Partner, Senior Manager Infrastructure Engineering
Partner, Senior Technical Project Manager
Partner, Software Development Manager
Partner, Director, Software Engineering
Partner, Manager, Software Engineering
Partner, Director, Technology Services
Partner, Project Manager/Software Architect
Partner, Manager, Information Security
Partner, Data Center Operations Manager
Partner, Sr Software Engineer / Technical Lead Manager
Partner, IT/Network Engineer
Partner, Consulting Architect
Partner, Programme Manager
Partner, Head of Technology
Partner, Technical Project Manager
Partner, Head of Platforms
Partner, IT Systems Engineer
Partner, SERVICE MANAGER
Partner, IT Service Manager
Partner, Technical Business Development Manager
Partner, Client Services Director
Partner, Technical Engineer
