client	NA
client	VP New Product Development & Postal Affairs
client	Principal
client	Partner
client	President at Cobalt Capital Inc
client	Director Wealth Mgmt Sales
client	Assistant Section manager
client	Vice President
client	service center manager
client	Director, Information Technology Security and Strategy
client	Senior Principal Engineer Information and Support Service Research and Technology
client	Executive Vice President, Research and Development
client	Vice President of Application Development
client	Bu Cis Operations Director, Steel
client	Director of Event Planning/Operations
client	Contractor and Senior C Developer
client	Information Technology Plm Project Manager
client	Manager Information Technology Testing
client	Business Development Manager, Vice President
client	Industrial Account Developer
client	Director, Hotel Operations
client	Manager Network Engineering Hicap Provisioning
client	Organizational Developer
client	Managing Partner Washington D C
client	Information Technology Security and Compliance Manager
client	Vice President Sales and Business Development
client	Director of Region Operations
client	Principal Scientist, Process and Product Development
client	Director of Legal Operations and Finance
client	Vice President Hotel Development
client	Director Legal Operations, Finance and Administration
client	Information Technology Security Compliance and Governance Manager
client	Vice President of Finance and Operations
client	Application Developer, Senior
client	Director of Room Operations, Santa Clara Marriott
client	Business Development - Technical Director
client	Research and Development Senior Principal Engineer
client	Software Developer 2
client	Principal Solutions Architect - Otm
client	General Manager, Western Australian Operations
client	Vice President Supply Chain Operations - Ireland
client	Vice President, Market Officer - Boston Operations
client	Vice President, Operations Cyber Division
client	Registered Principal, Director, Enterprise Compliance
client	Senior Web Developer Ii/Manager
client	Chief Executive Officer Blinkx
client	Senior, Application Developer
client	Managing Director/Partner
client	Manager Software Developer
client	Community Development Banking, Senior Vice President
client	Director, State Operations
client	Vice President - Listed Derivatives Operations
client	Senior Director - Information Technology Infrastructure and Operations
client	Director of Information Technology Contracts and Sourcing
client	Director Operations and Planning-Europe and Asia
client	Director of Slot Operations
client	Director of Golf Operations
client	Executive Vice President, Chief Technology Officer-product Technology
client	Lead Developer/Analyst
client	Director Information Technology Global Services
client	Senior Vice President Foodservice Operations Sou
client	Principal Technical Support Engineer
client	Manager Open Systems Storage
client	Vice President, Windows Operations Team Lead Developer
client	Senior Information Technology Business Analyst/Developer
client	Principal Scientist - Regulatory Affairs
client	Senior Director Network Operations Control-bridge Operations
client	Principal Systems Support Engineer
client	Senior Vice President, Head of Operations, Northwest Region
client	Senior Manager/Information Technology Purchasing-Supplier Technical As
client	Manager Gas Storage
client	Principal Information Technology Analyst
client	Director - Global Marketing, Sales and Service Information Technology
client	Senior Vice President, Director of Customer Development
client	Director - Field Operations
client	Senior Principal Engineer, Engineering
client	Director, Information Technology Operations, Governance and Supplier Relationship Management
client	Principal Industrial Designer
client	Senior Director of Business Development - Media and Technology Services
client	Director Benefits Information Technology
client	Global Information Technology Manager, Advance Planning and Supply Chain
client	Principal Environmental Engineer in The Environmental Quality Office
client	Assistant Vice President Nursing Operations
client	Chief Financial Officer, Treasurer, and Principal Accounting Officer
client	Vice President Financial Operations and Compliance
client	Creative Flavorist/Associate Principal Scientist
client	Res Principal Res
client	Director Medicare Enrollment Manager Medicare Enrollment Operations
client	Corporate Director - Spa Operations - The Americas
client	System Software Engineer in Developer Tools Team
client	Chief of Operating Officer
client	Human Capital Acquisition Manager, Corporate Information Technology
client	Operations Director, Guaranteed Cost Operations - Middle Market
client	Assistant Director Plant Operations
client	Director of Catering Operations
client	Project Director, Information Technology Pmo Planning and Execution
client	Java/Unix/C Senior Developer
client	Senior Software Developer, Apple Software Processes and Tools
client	Principal Facilities Engineer-interior Design
client	Director, Network Traffic Operations
client	General Manager Worldwide Business Development
client	Project Manager Information Technology Resources
client	President and Research and Development Engineer
client	Director Flight Operations
client	Vice President Hhp Engine Remanufacturing Operations
client	Director Operations Knowledge Management
client	Director of Business Operations, North America
client	Greece Cyprus Information Technology Manager
client	Research and Development Analytical Technician
client	Manager of Developer Technology for Compute, Emeai
client	Managing Partner-Eastern Poland
client	Executive Vice President, Field Operations
client	Vice President, Western Operations
client	Coordinator, Information Technology Operations
client	Director - Global Marketing Operations
client	Security Services/Access Control Management Specialist
client	Senior Director, Operations Analysis - Digital Operations
client	Contact President
client	Lead Design Developer
client	Director of Distribution Operations Field Projects
client	Principal Security Risk Consultant
client	Staffassociate/Analyst Information Technology - Developer
client	Operations Service Manager
client	Director of Open System Database Operations
client	Director - Head of Sma Operations
client	Digital Librarian and Founder
client	North America Dealer Operations Support Analyst
client	Director, Pharmacy Operations
client	Principal Lab Analyst
client	Director Provider Network Operations
client	Information Technology Director Process Improvement
client	Software Engineer Software Design and Development
client	Executive Vice President Finance and Chief Financial Officer
client	Experienced Finance Manager Data Engineer Analytics Manager Process Automation Expert Vba Developer
client	Vice President Treasury and Operations Finance
client	Director Operations Aramark Servicess
client	Vice President, Pricing and Product Development
client	Senior Director M and W Operations - West Region
client	Packaging Brand Stewardship Manager - Principal Engineer
client	Media Operations Director
client	Senior Models Developer
client	Division Chief Technology Officer
client	Director Enterprise Information Technology Development
client	Network General Manager
client	Regional Vice President, Pharmacy Operations
client	Executive Director, Dfs/Im/Retail Controller Information Technology
client	Managing Director, Head of Investor Relations and Corporate Development
client	Information Technology Manager - Database Administration
client	Principal System Administrator
client	Randd Associate Principal Engineer
client	Managing Principal Pacific Northwest
client	Head of Americas Commodities Operations, Executive Director, Morgan Stanley
client	Senior Manager - Storage and Data Center
client	Executive Assistant To The Senior Vice President and Chief Development Officer
client	Vice President Hospitality Operations
client	Business Systems Analyst Law Operations
client	Executive To Chief Executive Officer
client	Senior Manager, Mechanical Engineering Development
client	Vice President North America Senior Information Technology Service Delivery Manager
client	Senior Principal Marketing Analyst/Imt Database Manager
client	Vice President Operations - Wal-mart Team
client	Information Technology Project Manager Rz
client	Owner at Vf Corporation
client	Regional Director - Sales Operations and Support Commercial Airplanes
client	Senior Training Developer
client	Senior Vice President Strategy and Business Development
client	Chief Operating Officer, Healthcare, Education and Facilities
client	Staff Vice President Logistics - International Operations
client	Omnis Product Manager and General Manager
client	Principal Marketing Associate
client	Executive In Charge of Production and Chief Business Development Officer
client	Founder, Owner
client	Chief Technology Officer and Senior Vice President Engineering
client	Co-Chairman and Chief Executive Officer
client	Co-founder and President
client	Editor in Chief and President
client	Chief Executive Officer, Co-chief Executive Officer, Founder, Member, Partner
client	Owner Sales Executive
client	General Manager, Greater China
client	Managing Principal-san Francisco
client	Co-Founder/Chief Executive Officer
client	Executive Assistant/President
client	Board of Directors, Director, Managing Partner and Director
client	Senior Vice President/Chief Financial Officer
client	Department Chairman
client	Chief Executive Officer, Executive Director
client	General Manager, The Ritz-carlton, Laguna Niguel
client	Chief Executive Officer-SCAQMD
client	Executive Vice President and Chief Risk Officer
client	Chief Information Officer Chief Information Officer
client	Executive Director/Chief Financial Officer
client	Deputy Chief Executive Officer
client	Owner, Tech Support
client	Distributor Owner
client	Co-founder and Executive Vice President
client	Co-founder and Vice President of Product Development
client	Medical Chief of Staff and Director of Student Health Center
client	Managing Director, Government and Military Programs
client	Founder -president
client	Executive Vice President and Chief Financial Officer, Community West Bancshares and Community West Bank
client	General Manager Warehouse
client	Managing Director, of Asia Region
client	Owner/Estimator
client	General Manager Sales-Sheet Products
client	Vice President and Managing Director Asia Pacific and Middle East
client	General Counsel, Chief Privacy Officer
client	Managing Director Europe Middle East and Africa
client	Chairman, Chairman of the Board
client	Operations Manager and Co-owner
client	Chief Marketing Officer1
client	Managing Director, Houlihan Lokey Howard & Zukin
client	District Board President
client	Founder and Chief Technology Officera
client	General Manager for Atlanta Region
client	Founder and Executive Chairman
client	Campus President
client	Chief Executive Officer, Chairman, Owner, President
client	Chief Client Officer
client	General Manager, China
client	Senior Vice President/Chief of Financial Officer
client	Chief Executive Officer of Partner
client	Chief Financial Officer/Vice President Corporate Office
client	Beta 207 E
client	Vice President and Chief Executive Officer
client	Chair, Chairman
client	General Manager-life Sciences Division
client	Non Executive Founder
client	General Manager-wo Media Sales
client	Executive Vice President, Chief Administrative Officer
client	Executive Assistant To The Office of Chief Executive Officer and President
client	Executive Vice President Chief Credit Officer
client	Chairman Department of Mathematics
client	Deputy Chief Executive Officer and Executive Vice President
client	Owner and Secretary
client	Chief Operating Officer and Administra
client	Full Partner
client	General Manager of The Europe, Middle East and Africa Regions
client	Finance Reporting/Tax for Chief Financial Officer
client	Chief Executive Officer Chief Executive Officer
client	Co-Founder, Executive Creative Director, Chief Experience Officer
client	Senior Managing Director and Co-Founder
client	Executive Officer, President and Chief Executive Officer Willdan Engineering
client	General Manager China
client	Chief Financial Officer and Vice President
client	Chief Marketing Officer of Health Access Solutions
client	General Manager Payments and Pets
client	Owner/Government Sales
client	Managing Member and Chief Financial Officer
client	Executive Assistant to the President and Chief Executive Officer
client	Chief Operating Officer Finance Executive
client	Chief Financial Officer and Vice President of Finance
client	Owner Marketing Executive
client	Owner, Human Resources Executives
client	Next President
client	Chief Executive Officers
client	Executive Sec President
client	Chief Systems Architect and Co-founder
client	Controller Chief Financial Officer
client	Chairman/President/Chief Executive Officer
client	Chief Executive Officer1
client	Owner, Purchasing Agent, Risk Manager Safety Director
client	Bay Area President
client	Member, Member Board of Directors
client	Director Midwest Operations, Chief Technology Officer
client	Executive Vice President President of Discovery and Research Director
client	Films Director and President
client	Member/Attorney, Managing Partner
client	Chief Technology Officer/Co-Founder
client	General Manager Architectural Department
client	Vice President, Chief Executive Officer
client	General Manager Asparagus
client	Owner Finance Executive Sales Executive
client	Co-President, Auto Finance
client	Owner, Founder
client	Founder Theater Department
client	Managing Director, Sales
client	Executive General Manager
client	Manager and Chief Financial Officer
client	General Manager and Chief Operating Officer
client	General Manager Commercial Vehicle Products Division
client	Chief Revenue Officer-Green Dot Bank
client	Chief Finanical Officer
client	Vice-Chairman
client	Co-Chief Executive Officer
client	Vice President and Chief Compliance Officer
client	Managing Principal and Chief Legal Counsel
client	Chief Intellectual Property Officer
client	Chief Operating Officer of Partner
client	Owner, Manager
client	Owner, President, Vice President Operations
client	Chief Executive Officer/Owner
client	Executive Administrative Assistant To Chief Executive Officer and Clinical
client	General Manager-westfield Concession Management Llc
client	Chairman, Literacy Studies and Elementary Education
client	General Manager, Carperks
client	Managing Director and President
client	Vice President and Chief Operating Officer - Kubota Credit Corporate
client	Officer and Owner
client	Director, Chairman of the Audit Committee
client	O-chief Financial Officer
client	Engineering Design, President
client	Modern Language Department Chairman
client	Chief Business Officer
client	General Manager, Guest Experience
client	Branch Managing Partner Dre 1125960 Nmls 237278
client	Companys Owner
client	Chief Marketing Officer, Executive Director
client	General Manager-molding Compounds
client	Office Managing client	Information Technolog
client	Interim Managing Director
client	Chief Strategic Officer/Member of The Board/President
client	Chief Information Officer Americas
client	Chief Financial Officer Chief Operating Officer
client	Managing Director Recapitalization
client	General Manager, Houston Palm
client	Managing Director, Codes and Standards
client	Chief Operating Officer, Principal
client	Owner and Operator
client	Chief Administrative Officer and Director of Human Resources
client	Interim Chairman
client	Chief Administrative Officer - Public Sector
client	Director of Finance and Chief Financial Officer
client	Managing Director Compliance
client	General Manager and Financial Counselor-greenpath Debt Solutions
client	General Manager Pcubed Australia
client	Chairman and PEO
client	Managing Director, Global Partnerships
client	Chief Operating Officer, National Journal
client	Chief of Staff and Chief Development and Communications Officer
client	Executive Producer/Senior Director of Production
client	Managing Director, Artistic Director 2ndstage
client	Chief Programming Officer
client	Chief Management Officer Pension Benefit Guaranty Corporation
client	Managing Director, Institutional Retirement Health Savings
client	General Manager, Las Vegas Palm
client	Chief Operating Officer of Chairman
client	Founder/Chairman/Chief Executive Officer/President
client	Chief Retention Officer
client	Managing Director/Attorney-regulatory and Industry Affairs Department
client	Chief Operations Officer/Chief Information Officer
client	Managing Director South Africa
client	Managing Director, Special Olympics Europe and Eurasia
client	Chief Informaiton Officer
client	Chairman, Business and Tax Department
client	Interim President Executive Vice President and Managing Director
client	Chief Operating Officer Washington Dc
client	Chief Revenue Officer Eprize
client	Deputy Managing Director Director of Operations for Anca Eaas and Asie Regions
client	Founder and Medical Doctor
client	Chief Executive Officer/Chairman
client	Chief Executive Officer of the Unity Health Care Foundation
client	Museum Director, President and Chief Executive Officer
client	Owner Chief Executive Officer
client	Founder and Managing Partner
client	Chief Digital Media Officer
client	Vice Chairman Chief Financial Officer/Chief Operating Officer
client	General Manager of The European Business Unit
client	Company Chief Financial Officer
client	Chief Legal Officer, Vice President, General Counsel, Assistant Secretary
client	General Manager On-line
client	Chief Operating Officer, Senior Advisor
client	Chairman Product Liability and Insurance Practice Group
client	Managing Director, Information
client	Managing Director Global Business Development
client	North American Chief Financial Officer
client	Chief Financial Officer, Executive
client	Managing Director Avl- China
client	Medical Director/Chief of Staff/Chief Marketing Officer
client	Chairman/Commissioner
client	Owner/Partner Principal
client	Managing Director, Infrastructure
client	Managing Director Innovative Community Lending
client	Senior Vice President, Chief Legal Officer
client	Club President
client	Chairman and Managing Partner
client	Attorney and Partner
client	Chief Executive Officer, Comp, Director, Treas
client	Owner
client	Managing Partner
client	President
client	Senior Partner
client	IT Consultant
client	Managing Director
client	President & Principal Consultant
client	Co-Founder & CEO
client	Co-Founder
client	COO
client	CEO
client	Chairman
client	Director
client	SEO Consultant
client	Proprietor
client	SEO Specialist
client	Technical Director
client	Online Multichannel Consultant
client	Web SEO
client	Manager
client	Distributeur
client	Director / Owner
client	Vice President
client	MD
client	General Manager
client	Member of the Management Board
client	Senior Project Manager
client	Founder
client	Security Architect
client	Principal Consultant
client	VP
client	BDM
client	Sales and Business Development
client	Executive Consultant at ARC IT Recruitment
client	Strategic Marketing Leader
client	Founder and Director
client	Developer
client	CEO & Founder
client	Director - Creative Consulting
client	Chief Technology Officer
client	R&D software engineering
client	Director - IT Consulting Services
client	Sr. Sales Executive/Entrepreneur
client	Sales Manager
client	Vendor Relationship Manager
client	National Channel Manager
client	business channel manager
client	Founding Partner
client	EMEA Sales Manager
client	Director Strategy and Planning /Deputy CEO
client	Director of Sales
client	Chief Executive Officer
client	Digital Events Sales Manager
client	President/COO
client	Senior Information Security Engineer
client	Owner and Principal Consultant
client	Director and Owner
client	Operations Manager
client	Senior Director
client	Partner & CEO
client	CEO and Co-founder
client	VP Information Technology at Avatar International Inc.
client	Vice President Executive
client	Vice President Technology
client	Business Owner
client	Consultant
client	Founder and CEO
client	Partner
client	Founder and director
client	Founder & CEO
client	Business Partner
client	Business Development Executive
client	Chief Technical Officer
client	Director of Operations
client	Sales Director
client	Senior Sales Executive
client	Business Development Director
client	Technical Operations
client	CTO
client	BDE
client	Group CTO / Director
client	Regional Sales Manager
client	Co-Founder, Vice-President Product Development
client	Manager Sales Engineering
client	Executive Vice President Sales and Marketing
client	Principal Architect
client	Vice President, Operations
client	Owner/Operator
client	Senior Partner | Senior Consultant and Strategist
client	IT Manager
client	IT Operations Team Lead
client	IT Network Architect
client	IT Administrator
client	Principal
client	CFO
client	CIO
client	Principal Engineer
client	Group Hosted Network Manager
client	Business Development Manager
client	Technical Lead
client	Business Development Project Manager
client	Co-Founder & Head of Tech
client	Director of Business Development AssetWise
client	Business Relationship Manager
client	Founder & MD
client	System Administrator
client	Backup administrator
client	Director & Technical Consultant
client	AVP - Business Continuity
client	Systems Administrator
client	Director & Business Coordinator
client	Systems Engineer
client	Vice President Information Technology
client	Owner and CEO
client	President & IT Director
client	Chairman and CEO
client	Co-founder and Managing Partner
client	CEO and Founder
client	Founder and President
client	Business Development manager
client	CEO and Managing Director
client	Technical Manager
client	NA
client	VP of Business Development
client	Co Founder
client	Founder & Director
client	President and Managing Partner
client	Co-Founder & CTO
client	Co-founder & CEO
client	President & CEO
client	Vice President, Business Development
client	Client Executive
client	Marketing Manager
client	Owner & Managing Director
client	Business Development Consultant
client	Sales Executive
client	Sales Consultant
client	Public Sector Business Manager
client	CTO & Co-Founder
client	CEO and Co Founder
client	Company Director
client	Purchasing Manager
client	owner
client	Co Founder and Director
client	Vice President & Creative Director
client	Company Owner
client	sales support manager
client	Chief Information Security Officer
client	Business Development and Security Sales Manager
client	Owner 99 Solutions
client	Sales Support Manager
client	Sales and Marketing Manager
client	Technology Director
client	Chief Financial Officer
client	Associates
client	Voice Technology Consultant
client	Vice President of Marketing
client	Owner/CEO
client	Chief Operating Officer
client	?Senior IT Manager
client	Network Engineer
client	CEO/President
client	Tech Engineer
client	Director Business Development
client	Technology Strategist
client	CTO Director
client	Founder and CTO
client	Founder Director
client	Creative Director
client	CDO
client	Founder and Managing Director
client	Founder & Managing Director
client	Senior Resource Manager
client	IT Project Manager
client	Resource Manager
client	Account Manager
client	Customer Experience Account Manager
client	Training and Development
client	Technology Consultant
client	Manager a.i. NewCold
client	Business Sales Executive
client	CRO
client	Sales Support Assistant
client	Senior Account Manager
client	National Director Sales
client	Sales Training Manager
client	Senior Network Consultant
client	Senior Security Consultant
client	Training Consultant
client	Project Manager
client	Training Manager
client	Head of Sales
client	Head of Defence Business
client	Sales and Marketing Executive
client	Senior Director of Product & Interim CTO
client	Managing director
client	Software Developmentengineer, Principal
client	Chairman & CEO
client	SMALL BUSINESS OWNER
client	Senior Sales Director & Consultant
client	Sales Engineer
client	VP Engineering & CSO
client	Sales Development Manager
client	Partner & Project Manager
client	Senior Vice President Operations
client	Vice President Customer Services
client	Vice President Infrastructure
client	President/CEO
client	Director of Marketing and Sales
client	Vice President of Business Development
client	VP/GM - Engineering & Operations
client	VP, Systems and Software Engineering
client	CEO / CTO
client	Sales Administrator/Project Manager
client	Vice President, West Coast Operations
client	Director of Marketing & Sales
client	IT Consultant/Cloud Technology Specialist
client	Technology director
client	Support Engineer
client	Software Developer
client	Senior IT Engineer
client	VP & Co-founder
client	VP Operations
client	CEO/Founder
client	Founder & Chief Solutions Architect
client	Director and General Manager
client	Business Developer
client	Operations Director
client	Junior Web Developer
client	Senior Manager
client	Founder and owner/director
client	Cofounder/President
client	Director and Founder
client	Principal Solutions Consultant
client	CEO & Cofounder
client	VP IT Operations
client	Senior Developer
client	CoFounder & Managing Partner
client	President CEO
client	CoFounder Managing Partner
client	I.T Support Engineer
client	Manager - Operations and Support
client	Partner and Consultant
client	President and CEO
client	VP of Sales
client	Global Partner Program Coordinator
client	International Sales Specialist
client	VP Solutions Engineering
client	Sales/Purchase Executive
client	Channel and Operations Director
client	Technical Support Team Lead
client	Senior Vice President, Product Management
client	CEO & President
client	Vice President Business Development
client	Manager of IT and System Engineering
client	Marketing and Sales Manager
client	Director of Community Relations
client	Channel Account Manager
client	Founder & Chief Data & Analytics Officer
client	Director of Application Managed Services
client	Information Technology Consultant
client	GM
client	Software development
client	Senior Business Consultant / CEO
client	Digital Marketing Consultant
client	Head of Digital
client	CFO, Owner
client	Vice President of North American Operations
client	Vice President- Direct Sales
client	Co-Founder and CEO
client	Administrative Director
client	Technical Analyst / Team Lead
client	Principal Software Engineer
client	Business Development Manager Channel Sales
client	Principal Research Engineer
client	Director/Strategist
client	Directeur Principal / Senior Manager
client	President & C.E.O
client	Co-Founder & Director
client	Sales Operations Director
client	Channel Sales Manager
client	Director/Owner
client	Senior Technology Consultant, Business Analyst
client	Business Development & Sales Executive
client	Owner and IT Consultant
client	CTO/CEO
client	Product Owner
client	Founding Director and Owner
client	Finance director
client	Co-founder
client	Director & Developer
client	Chief Executive
client	Chief Software Architect
client	TL
client	Company Consultant
client	Sales & Business Development Director
client	Sales Team Leader
client	Administration Manager & Sales
client	Senior Applications Analyst
client	Head of Marketing
client	Development Manager
client	Head of Marketing & Business Development
client	Customer Liaison Director
client	Client Account Manager
client	IT consultant
client	Sales Administrator
client	Director, Operations
client	Chief Product Officer
client	President and Founder
client	CAO
client	Owner & Technology Advisor
client	Senior Business Developer
client	Executive Director
client	Group Managed Services Director
client	Head of Operations
client	Founding President
client	Director and Engineer
client	Director of Sales and Marketing
client	Regional Manager
client	MD and Founder
client	CEO and Chief Geek
client	Director and Company Secretary
client	Web Developer
client	WEB DESIGNER
client	T Solutions Consultant
client	Business Technology Executive
client	CEO and Co-Founder
client	Cofounder Business Development
client	Head Of Business Development
client	Principal Integrations
client	Vice President of Sales
client	Chief Revenue Officer
client	Vice President of Information Systems
client	Business Development Director and Channel Partner Director
client	VP Corporate Operation
client	Director of Technology Solutions
client	Director of Business Development
client	V.P. - Operations
client	IS Application Specialist
client	IT
client	Lead
client	Production Devops/ITops Manager
client	Director of Software Engineering
client	IT Risk Manager
client	Manager, Network Engineering
client	Sr. Manager, embedded software
client	Software Development Team Lead
client	Software Engineering Manager, Web Services
client	IT Team Lead
client	Information Assurance Program Manager
client	Director of Enterprise Architecture
client	Director-Software-Development
client	IT Director
client	Software manager
client	Software Engineering Manager
client	Application Development Manager
client	Sr. Director, IT Architecture
client	Director, Systems Engineering
client	Software Engineer Manager
client	Sr. Director of Information Technology
client	Senior Director, Software Engineering
client	Director of Database Operations
client	Director - Product Delivery, Data, and Application Support
client	Director of Software Development
client	Director of Technical Support & Remote DBA Services
client	Manager of Internal Software Development
client	Senior Software Engineering Manager
client	Sr. Director, Cloud Architecture
client	IT Logistics Manager
client	Director, Software Development
client	Solutions Engineering Manager
client	Senior Director of Software Development
client	Senior Software Development Manager and Architect
client	Data Center Manager
client	Director of Global Service Desk & Automation
client	Director of Software Development, Expert Services
client	Director, IT Operations
client	Corporate IT Manager
client	Senior Director, Software Development
client	Sr Software Development Manager, Change Agent, Agile/SCRUM Leader
client	Manager, Software Development
client	Director of IT
client	Senior Manager Infrastructure Engineering
client	Senior Technical Project Manager
client	Software Development Manager
client	Director, Software Engineering
client	Manager, Software Engineering
client	Director, Technology Services
client	Project Manager/Software Architect
client	Manager, Information Security
client	Data Center Operations Manager
client	Sr Software Engineer / Technical Lead Manager
client	IT/Network Engineer
client	Consulting Architect
client	Programme Manager
client	Head of Technology
client	Technical Project Manager
client	Head of Platforms
client	IT Systems Engineer
client	SERVICE MANAGER
client	IT Service Manager
client	Technical Business Development Manager
client	Client Services Director
client	Technical Engineer
non	Occupations
non	Accountant
non	Accounts Assistant
non	Accounts Clerk
non	Accounts Manager
non	Accounts Staff
non	Acoustic Engineer
non	Actor
non	Actress
non	Actuary
non	Acupuncturist
non	Adjustor
non	Administration Assistant
non	Administration Manager
non	Administration Staff
non	Administrator
non	Advertising Agent
non	Advertising Executive
non	Advertising Manager
non	Advertising Staff
non	Aerial Erector
non	Aerobic Instructor
non	Aeronautical Engineer
non	Agent
non	Air Traffic Controller
non	Aircraft Designer
non	Aircraft Engineer
non	Aircraft Maintenance Engineer
non	Aircraft Surface Finisher
non	Airman
non	Airport Controller
non	Airport Manager
non	Almoner
non	Ambulance Controller
non	Ambulance Crew
non	Ambulance Driver
non	Amusement Arcade Worker
non	Anaesthetist
non	Analyst
non	Analytical Chemist
non	Animal Breeder
non	Anthropologist
non	Antique Dealer
non	Applications Engineer
non	Applications Programmer
non	Arbitrator
non	Arborist
non	Archaeologist
non	Architect
non	Archivist
non	Area Manager
non	Armourer
non	Aromatherapist
non	Art Critic
non	Art Dealer
non	Art Historian
non	Art Restorer
non	Artexer
non	Artist
non	Arts
non	Assembly Worker
non	Assessor
non	Assistant
non	Assistant Caretaker
non	Assistant Cook
non	Assistant Manager
non	Assistant Nurse
non	Assistant Teacher
non	Astrologer
non	Astronomer
non	Attendant
non	Au Pair
non	Auction Worker
non	Auctioneer
non	Audiologist
non	Audit Clerk
non	Audit Manager
non	Auditor
non	Auto Electrician
non	Auxiliary Nurse
non	Bacon Curer
non	Baggage Handler
non	Bailiff
non	Baker
non	Bakery Assistant
non	Bakery Manager
non	Bakery Operator
non	Balloonist
non	Bank Clerk
non	Bank Manager
non	Bank Messenger
non	Baptist Minister
non	Bar Manager
non	Bar Steward
non	Barber
non	Barmaid
non	Barman
non	Barrister
non	Beautician
non	Beauty Therapist
non	Betting Shop
non	Bill Poster
non	Bingo Caller
non	Biochemist
non	Biologist
non	Blacksmith
non	Blind Assembler
non	Blind Fitter
non	Blinds Installer
non	Boat Builder
non	Body Fitter
non	Bodyguard
non	Bodyshop
non	Book Binder
non	Book Seller
non	Book-Keeper
non	Booking Agent
non	Booking Clerk
non	Bookmaker
non	Botanist
non	Branch Manager
non	Breeder
non	Brewer
non	Brewery Manager
non	Brewery Worker
non	Bricklayer
non	Broadcaster
non	Builder
non	Builders Labourer
non	Building Advisor
non	Building Control
non	Building Engineer
non	Building Estimator
non	Building Foreman
non	Building Inspector
non	Building Manager
non	Building Surveyor
non	Bursar
non	Bus Company
non	Bus Conductor
non	Bus Driver
non	Bus Mechanic
non	Bus Valeter
non	Business Consultant
non	Business Proprietor
non	Butcher
non	Butchery Manager
non	Butler
non	Buyer
non	Cab Driver
non	Cabinet Maker
non	Cable Contractor
non	Cable Jointer
non	Cable TV Installer
non	Cafe Owner
non	Cafe Staff
non	Cafe Worker
non	Calibration Manager
non	Camera Repairer
non	Cameraman
non	Car Dealer
non	Car Delivery Driver
non	Car Park Attendant
non	Car Salesman
non	Car Valet
non	Car Wash Attendant
non	Care Assistant
non	Care Manager
non	Careers Advisor
non	Careers Officer
non	Caretaker
non	Cargo Operator
non	Carpenter
non	Carpet Cleaner
non	Carpet Fitter
non	Carpet Retailer
non	Carphone Fitter
non	Cartographer
non	Cartoonist
non	Cashier
non	Casual Worker
non	Caterer
non	Catering Consultant
non	Catering Manager
non	Catering Staff
non	Caulker
non	Ceiling Contractor
non	Ceiling Fixer
non	Cellarman
non	Chambermaid
non	Chandler
non	Chaplain
non	Charge Hand
non	Charity Worker
non	Chartered
non	Chartered Accountant
non	Chauffeur
non	Chef
non	Chemist
non	Chicken Chaser
non	Child Minder
non	Childminder
non	Chimney Sweep
non	China Restorer
non	Chiropodist
non	Chiropractor
non	Choreographer
non	Church Officer
non	Church Warden
non	Cinema Manager
non	Circus Proprietor
non	Circus Worker
non	Civil Engineer
non	Civil Servant
non	Claims Adjustor
non	Claims Assessor
non	Claims Manager
non	Clairvoyant
non	Classroom Aide
non	Cleaner
non	Clergyman
non	Cleric
non	Clerk
non	Commissioned
non	Consultant
non	Coroner
non	Councillor
non	Counsellor
non	Dealer
non	Decorator
non	Delivery Driver
non	Doctor
non	Driver
non	Economist
non	Editor
non	Employee
non	Employment
non	Engineer
non	English Teacher
non	Entertainer
non	Envoy
non	Executive
non	Farmer
non	Fireman
non	Floor Layer
non	Floor Manager
non	Florist
non	Flour Miller
non	Flower Arranger
non	Flying Instructor
non	Foam Convertor
non	Food Processor
non	Footballer
non	Foreman
non	Forensic Scientist
non	Forest Ranger
non	Forester
non	Fork Lift Truck Driver
non	Forwarding Agent
non	Foster Parent
non	Foundry Worker
non	Fraud Investigator
non	French Polisher
non	Fruiterer
non	Fuel Merchant
non	Fund Raiser
non	Funeral Director
non	Funeral Furnisher
non	Furnace Man
non	Furniture Dealer
non	Furniture Remover
non	Furniture Restorer
non	Furrier
non	Gallery Owner
non	Gambler
non	Gamekeeper
non	Gaming Board Inspector
non	Gaming Club Manager
non	Gaming Club Proprietor
non	Garage Attendant
non	Garage Foreman
non	Garage Manager
non	Garda
non	Garden Designer
non	Gardener
non	Gas Fitter
non	Gas Mechanic
non	Gas Technician
non	Gate Keeper
non	Genealogist
non	General Practitioner
non	Geologist
non	Geophysicist
non	Gilder
non	Glass Worker
non	Glazier
non	Goldsmith
non	Golf Caddy
non	Golf Club Professional
non	Golfer
non	Goods Handler
non	Governor
non	Granite Technician
non	Graphic Designer
non	Graphologist
non	Grave Digger
non	Gravel Merchant
non	Green Keeper
non	Greengrocer
non	Grocer
non	Groom
non	Ground Worker
non	Groundsman
non	Guest House Owner
non	Guest House Proprietor
non	Gun Smith
non	Gynaecologist
non	HGV Driver
non	HGV Mechanic
non	Hairdresser
non	Handyman
non	Hardware Dealer
non	Haulage Contractor
non	Hawker
non	Health Advisor
non	Health And Safety
non	Health Care Assistant
non	Health Consultant
non	Health Nurse
non	Health Planner
non	Health Service
non	Health Therapist
non	Health Visitor
non	Hearing Therapist
non	Heating Engineer
non	Herbalist
non	Highway Inspector
non	Hire Car Driver
non	Historian
non	History Teacher
non	Hod Carrier
non	Home Economist
non	Home Help
non	Homecare Manager
non	Homeopath
non	Homeworker
non	Hop Merchant
non	Horse Breeder
non	Horse Dealer
non	Horse Riding Instructor
non	Horse Trader
non	Horse Trainer
non	Horticultural Consultant
non	Horticulturalist
non	Hosiery Mechanic
non	Hosiery Worker
non	Hospital Consultant
non	Hospital Doctor
non	Hospital Manager
non	Hospital Orderly
non	Hospital Technician
non	Hospital Warden
non	Hospital Worker
non	Hostess
non	Hot Foil Printer
non	Hotel Consultant
non	Hotel Worker
non	Hotelier
non	Househusband
non	Housekeeper
non	Housewife
non	Housing Assistant
non	Housing Officer
non	Housing Supervisor
non	Hygienist
non	Hypnotherapist
non	Hypnotist
non	IT Consultant
non	IT Manager
non	IT Trainer
non	Ice Cream Vendor
non	Illustrator
non	Immigration Officer
non	Import Consultant
non	Importer
non	Independent Means
non	Induction Moulder
non	Industrial Chemist
non	Industrial Consultant
non	Injection Moulder
non	Inspector
non	Instructor
non	Instrument Engineer
non	Instrument Maker
non	Instrument Supervisor
non	Instrument Technician
non	Insurance Agent
non	Insurance Assessor
non	Insurance Broker
non	Insurance Consultant
non	Insurance Inspector
non	Insurance Staff
non	Interior Decorator
non	Interior Designer
non	Interpreter
non	Interviewer
non	Inventor
non	Investigator
non	Investment Advisor
non	Investment Banker
non	Investment Manager
non	Investment Strategist
non	Ironmonger
non	Janitor
non	Jazz Composer
non	Jeweller
non	Jewellery
non	Jockey
non	Joiner
non	Joinery Consultant
non	Journalist
non	Judge
non	Keep Fit Instructor
non	Kennel Hand
non	Kitchen Worker
non	Knitter
non	Labelling Operator
non	Laboratory Analyst
non	Labourer
non	Laminator
non	Lampshade Maker
non	Land Agent
non	Land Surveyor
non	Landlady
non	Landlord
non	Landowner
non	Landworker
non	Lathe Operator
non	Laundry Staff
non	Laundry Worker
non	Lavatory Attendant
non	Law Clerk
non	Lawn Mower
non	Lawyer
non	Leaflet Distributor
non	Leather Worker
non	Lecturer
non	Ledger Clerk
non	Legal Advisor
non	Legal Assistant
non	Legal Executive
non	Legal Secretary
non	Letting Agent
non	Liaison Officer
non	Librarian
non	Library Manager
non	Licensed Premises
non	Licensee
non	Licensing
non	Lifeguard
non	Lift Attendant
non	Lift Engineer
non	Lighterman
non	Lighthouse Keeper
non	Lighting Designer
non	Lighting Technician
non	Lime Kiln Attendant
non	Line Manager
non	Line Worker
non	Lineman
non	Linguist
non	Literary Agent
non	Literary Editor
non	Lithographer
non	Litigation Manager
non	Loans Manager
non	Local Government
non	Lock Keeper
non	Locksmith
non	Locum Pharmacist
non	Log Merchant
non	Lorry Driver
non	Loss Adjustor
non	Loss Assessor
non	Lumberjack
non	Machine Fitters
non	Machine Minder
non	Machine Operator
non	Machine Setter
non	Machine Tool
non	Machine Tool Fitter
non	Machinist
non	Magician
non	Magistrate
non	Magistrates Clerk
non	Maid
non	Maintenance Fitter
non	Make Up Artist
non	Manicurist
non	Manufacturing
non	Map Mounter
non	Marble Finisher
non	Marble Mason
non	Marine Broker
non	Marine Consultant
non	Marine Electrician
non	Marine Engineer
non	Marine Geologist
non	Marine Pilot
non	Marine Surveyor
non	Market Gardener
non	Market Research
non	Market Researcher
non	Market Trader
non	Marketing Agent
non	Marketing Assistant
non	Marketing Coordinator
non	Marketing Director
non	Marketing Manager
non	Marquee Erector
non	Massage Therapist
non	Masseur
non	Masseuse
non	Master Mariner
non	Materials Controller
non	Materials Manager
non	Mathematician
non	Maths Teacher
non	Matron
non	Mattress Maker
non	Meat Inspector
non	Meat Wholesaler
non	Mechanic
non	Medal Dealer
non	Medical Advisor
non	Medical Assistant
non	Medical Consultant
non	Medical Officer
non	Medical Physicist
non	Medical Practitioner
non	Medical Researcher
non	Medical Secretary
non	Medical Student
non	Medical Supplier
non	Medical Technician
non	Merchandiser
non	Merchant
non	Merchant Banker
non	Merchant Seaman
non	Messenger
non	Metal Dealer
non	Metal Engineer
non	Metal Polisher
non	Metal Worker
non	Metallurgist
non	Meteorologist
non	Meter Reader
non	Microbiologist
non	Midwife
non	Military Leader
non	Milklady
non	Milkman
non	Mill Operator
non	Mill Worker
non	Miller
non	Milliner
non	Millwright
non	Miner
non	Mineralologist
non	Minibus Driver
non	Minicab Driver
non	Mining Consultant
non	Mining Engineer
non	Money Broker
non	Moneylender
non	Mooring Contractor
non	Mortgage Broker
non	Mortician
non	Motor Dealer
non	Motor Engineer
non	Motor Fitter
non	Motor Mechanic
non	Motor Racing
non	Motor Trader
non	Museum Assistant
non	Museum Attendant
non	Music Teacher
non	Musician
non	Nanny
non	Navigator
non	Negotiator
non	Neurologist
non	Newsagent
non	Night Porter
non	Night Watchman
non	Nuclear Scientist
non	Nun
non	Nurse
non	Nursery Assistant
non	Nursery Nurse
non	Nursery Worker
non	Nurseryman
non	Nursing Assistant
non	Nursing Auxiliary
non	Nursing Manager
non	Nursing Sister
non	Nutritionist
non	Off Shore
non	Office Manager
non	Office Worker
non	Oil Broker
non	Oil Rig Crew
non	Opera Singer
non	Operations
non	Operative
non	Operator
non	Optical
non	Optical Advisor
non	Optical Assistant
non	Optician
non	Optometrist
non	Orchestral
non	Organiser
non	Parts Man
non	Parts Manager
non	Parts Supervisor
non	Party Planner
non	Pasteuriser
non	Pastry Chef
non	Patent Agent
non	Patent Attorney
non	Pathologist
non	Patrolman
non	Pattern Cutter
non	Pattern Maker
non	Pattern Weaver
non	Pawnbroker
non	Payroll Assistant
non	Payroll Clerk
non	Payroll Manager
non	Payroll Supervisor
non	Personnel Officer
non	Pest Controller
non	Pet Minder
non	Pharmacist
non	Philatelist
non	Photographer
non	Physician
non	Physicist
non	Physiologist
non	Physiotherapist
non	Piano Teacher
non	Piano Tuner
non	Picture Editor
non	Picture Framer
non	Picture Reseacher
non	Pig Man
non	Pig Manager
non	Pilot
non	Pipe Fitter
non	Pipe Inspector
non	Pipe Insulator
non	Pipe Layer
non	Planning Engineer
non	Planning Manager
non	Planning Officer
non	Planning Technician
non	Plant Attendant
non	Plant Driver
non	Plant Engineer
non	Plant Fitter
non	Plant Manager
non	Plant Operator
non	Plasterer
non	Plastics Consultant
non	Plastics Engineer
non	Plate Layer
non	Plater
non	Playgroup Assistant
non	Playgroup Leader
non	Plumber
non	Podiatrist
non	Police Officer
non	Polisher
non	Pool Attendant
non	Pools Collector
non	Porter
non	Portfolio Manager
non	Post Sorter
non	Postman
non	Postmaster
non	Postwoman
non	Potter
non	Practice Manager
non	Preacher
non	Precision Engineer
non	Premises
non	Premises Security
non	Press Officer
non	Press Operator
non	Press Setter
non	Presser
non	Priest
non	Print Finisher
non	Printer
non	Prison Chaplain
non	Prison Officer
non	Private Investigator
non	Probation Officer
non	Probation Worker
non	Procurator Fiscal
non	Produce Supervisor
non	Producer
non	Product Installer
non	Product Manager
non	Production Engineer
non	Production Hand
non	Production Manager
non	Production Planner
non	Professional Boxer
non	Professional Racing
non	Professional Wrestler
non	Progress Chaser
non	Progress Clerk
non	Project Co-ordinator
non	Project Engineer
non	Project Leader
non	Project Manager
non	Project Worker
non	Projectionist
non	Promoter
non	Proof Reader
non	Property Buyer
non	Property Dealer
non	Property Developer
non	Property Manager
non	Property Valuer
non	Proprietor
non	Psychiatrist
non	Psychoanalyst
non	Psychologist
non	Psychotherapist
non	Public House Manager
non	Public Relations Of?cer
non	Publican
non	Publicity Manager
non	Publisher
non	Publishing Manager
non	Purchase Clerk
non	Purchase Ledger Clerk
non	Purchasing Assistant
non	Purchasing Manager
non	Purser
non	Quality Controller
non	Quality Engineer
non	Quality Inspector
non	Quality Manager
non	Quality Technician
non	Quantity Surveyor
non	Quarry Worker
non	Racehorse Groom
non	Racing Organiser
non	Radio Controller
non	Radio Director
non	Radio Engineer
non	Radio Operator
non	Radio Presenter
non	Radio Producer
non	Radiographer
non	Radiologist
non	Rally Driver
non	Receptionist
non	Recorder
non	Records Supervisor
non	Recovery Vehicle Coordinator
non	Recreational
non	Recruitment Consultant
non	Rector
non	Reflexologist
non	Refractory Engineer
non	Refrigeration Engineer
non	Refuse Collector
non	Registrar
non	Regulator
non	Relocation Agent
non	Remedial Therapist
non	Rent Collector
non	Rent Offcer
non	Repair Man
non	Repairer
non	Reporter
non	Representative
non	Reprographic Assistant
non	Research Analyst
non	Research Consultant
non	Research Director
non	Research Scientist
non	Research Technician
non	Researcher
non	Resin Caster
non	Restaurant Manager
non	Restaurateur
non	Restorer
non	Retired
non	Revenue Clerk
non	Revenue Officer
non	Riding Instructor
non	Rig Worker
non	Rigger
non	Riveter
non	Road Safety Officer
non	Road Sweeper
non	Road Worker
non	Roadworker
non	Roof Tiler
non	Roofer
non	Rose Grower
non	Royal Marine
non	Rug Maker
non	Saddler
non	Safety Officer
non	Sail Maker
non	Sales Administrator
non	Sales Assistant
non	Sales Director
non	Sales Engineer
non	Sales Executive
non	Sales Manager
non	Sales Representative
non	Sales Support
non	Salesman
non	Saleswoman
non	Sand Blaster
non	Saw Miller
non	Scaffolder
non	School Crossing
non	School Inspector
non	Scientific Officer
non	Scientist
non	Scrap Dealer
non	Screen Printer
non	Screen Writer
non	Script Writer
non	Sculptor
non	Seaman
non	Seamstress
non	Secretary
non	Security Consultant
non	Security Controller
non	Security Guard
non	Security Officer
non	Servant
non	Service Engineer
non	Service Manager
non	Share Dealer
non	Sheet Metal Worker
non	Shelf Filler
non	Shelter Warden
non	Shepherd
non	Sheriff
non	Sheriff Clerk
non	Sheriff Principal
non	Shift Controller
non	Ship Broker
non	Ship Builder
non	Shipping Clerk
non	Shipping Officer
non	Shipwright
non	Shipyard Worker
non	Shoe Maker
non	Shoe Repairer
non	Shooting Instructor
non	Shop Assistant
non	Shop Fitter
non	Shop Keeper
non	Shop Manager
non	Shop Proprietor
non	Shot Blaster
non	Show Jumper
non	Showman
non	Shunter
non	Sign Maker
non	Signalman
non	Signwriter
non	Site Agent
non	Site Engineer
non	Skipper
non	Slater
non	Slaughterman
non	Smallholder
non	Social Worker
non	Software Consultant
non	Software Engineer
non	Soldier
non	Solicitor
non	Song Writer
non	Sound Artist
non	Sound Engineer
non	Sound Technician
non	Special Constable
non	Special Needs
non	Speech Therapist
non	Sports Administrator
non	Sports Coach
non	Sports Commentator
non	Sportsman
non	Sportsperson
non	Sportswoman
non	Spring Maker
non	Stable Hand
non	Staff Nurse
non	Stage Director
non	Stage Hand
non	Stage Manager
non	Stage Mover
non	Station Manager
non	Stationer
non	Statistician
non	Steel Erector
non	Steel Worker
non	Steeplejack
non	Stenographer
non	Steward
non	Stewardess
non	Stock Controller
non	Stock Manager
non	Stockbroker
non	Stockman
non	Stocktaker
non	Stone Cutter
non	Stone Sawyer
non	Stonemason
non	Store Detective
non	Storeman
non	Storewoman
non	Street Entertainer
non	Street Trader
non	Stud Hand
non	Student
non	Student Nurse
non	Student Teacher
non	Studio Manager
non	Sub-Postmaster
non	Sub-Postmistress
non	Supervisor
non	Supply Teacher
non	Surgeon
non	Surveyor
non	Systems Analyst
non	Systems Engineer
non	Systems Manager
non	TV Editor
non	Tachograph Analyst
non	Tacker
non	Tailor
non	Tank Farm Operative
non	Tanker Driver
non	Tanner
non	Tattooist
non	Tax Advisor
non	Tax Analyst
non	Tax Assistant
non	Tax Consultant
non	Tax Inspector
non	Tax Manager
non	Tax Officer
non	Taxi Controller
non	Taxi Driver
non	Taxidermist
non	Tea Blender
non	Tea Taster
non	Teacher
non	Teachers Assistant
non	Technical Advisor
non	Technical Analyst
non	Technical Assistant
non	Technical Author
non	Technical Clerk
non	Technical Co-ordinator
non	Technical Director
non	Technical Editor
non	Technical Engineer
non	Technical Illustrator
non	Technical Instructor
non	Technical Liaison
non	Technical Manager
non	Technician
non	Telecommunication
non	Telecommunications
non	Telegraphist
non	Telemarketeer
non	Telephone Engineer
non	Telephonist
non	Telesales Person
non	Television Director
non	Television Engineer
non	Television Presenter
non	Television Producer
non	Telex Operator
non	Temperature Time
non	Tennis Coach
non	Textile Consultant
non	Textile Engineer
non	Textile Technician
non	Textile Worker
non	Thatcher
non	Theatre Manager
non	Theatre Technician
non	Theatrical Agent
non	Therapist
non	Thermal Engineer
non	Thermal Insulator
non	Ticket Agent
non	Ticket Inspector
non	Tiler
non	Timber Inspector
non	Timber Worker
non	Tobacconist
non	Toll Collector
non	Tool Maker
non	Tour Agent
non	Tour Guide
non	Town Clerk
non	Town Planner
non	Toy Maker
non	Toy Trader
non	Track Worker
non	Tractor Driver
non	Tractor Mechanic
non	Trade Mark Agent
non	Trade Union Official
non	Trading Standards
non	Traffic Warden
non	Train Driver
non	Trainee Manager
non	Training Advisor
non	Training Assistant
non	Training Co-ordinator
non	Training Consultant
non	Training Instructor
non	Training Manager
non	Training Officer
non	Transcriber
non	Translator
non	Transport Clerk
non	Transport Consultant
non	Transport Controller
non	Transport Engineer
non	Transport Manager
non	Transport Officer
non	Transport Planner
non	Travel Agent
non	Travel Clerk
non	Travel Consultant
non	Travel Courier
non	Travel Guide
non	Travel Guide Writer
non	Travel Representative
non	Travelling Showman
non	Treasurer
non	Tree Feller
non	Tree Surgeon
non	Trichologist
non	Trinity House Pilot
non	Trout Farmer
non	Tug Skipper
non	Tunneller
non	Turf Accountant
non	Turkey Farmer
non	Turner
non	Tutor
non	Typesetter
non	Typewriter Engineer
non	Typist
non	Tyre Builder
non	Tyre Fitter
non	Tyre Inspector
non	Tyre Technician
non	Undertaker
non	Underwriter
non	Upholsterer
non	Valuer
non	Valve Technician
non	Van Driver
non	Vehicle Assessor
non	Vehicle Body Worker
non	Vehicle Engineer
non	Vehicle Technician
non	Ventriloquist
non	Verger
non	Veterinary Surgeon
non	Vicar
non	Video Artist
non	Violin Maker
non	Violinist
non	Voluntary Worker
non	Wages Clerk
non	Waiter
non	Waitress
non	Warden
non	Warehouse Manager
non	Warehouseman
non	Warehousewoman
non	Watchmaker
non	Weaver
non	Weighbridge Clerk
non	Weighbridge Operator
non	Welder
non	Welfare Assistant
non	Welfare Officer
non	Welfare Rights Officer
non	Wheel Clamper
non	Wholesale Newspaper
non	Window Cleaner
non	Window Dresser
non	Windscreen Fitter
non	Wine Merchant
non	Wood Carver
non	Wood Cutter
non	Wood Worker
non	Word Processing Operator
non	Works Manager
non	Writer
non	Yacht Master
non	Yard Manager
non	Youth Hostel Warden
non	Youth Worker
non	Zoo Keeper
non	Zoo Manager
non	Zoologist
non	Paramedic
